size,schedule,impact_bps,temp_bps,perm_bps,timing_risk_bps,drift_bps,drift_lo,drift_hi,capped_buckets
0.01,TWAP,2.9369049942877283,2.6887876298153413,0.24811736447238736,105.89715898827362,3.2244654116721736,-1.4095432415913052,7.572649880026907,0
0.05,TWAP,7.25289873968958,6.012311917327644,1.2405868223619367,105.89715898827362,3.2244654116721736,-1.4095432415913052,7.572649880026907,0
0.1,TWAP,10.983757239433414,8.502583594709542,2.4811736447238735,105.89715898827362,3.2244654116721736,-1.4095432415913052,7.572649880026907,9
0.01,VWAP forecast,2.724529948281692,2.4764125838093047,0.24811736447238736,98.36549431409149,2.8065969305408243,-1.5138633684869562,6.812274664022745,0
0.05,VWAP forecast,6.777256900843697,5.536670078481761,1.2405868223619367,98.36549431409149,2.8065969305408243,-1.5138633684869562,6.812274664022745,6
0.1,VWAP forecast,10.309890702144452,7.828717057420579,2.4811736447238735,98.36549431409149,2.8065969305408243,-1.5138633684869562,6.812274664022745,15
0.01,VWAP oracle*,2.5964843188262425,2.348366954353855,0.24811736447238736,101.56013616356014,2.455235030126739,-1.9835426261981108,6.6684897474998825,0
0.05,VWAP oracle*,6.491694968411302,5.251108146049366,1.2405868223619367,101.56013616356014,2.455235030126739,-1.9835426261981108,6.6684897474998825,0
0.1,VWAP oracle*,9.907362002354725,7.426188357630852,2.4811736447238735,101.56013616356014,2.455235030126739,-1.9835426261981108,6.6684897474998825,0
0.01,AC k=1,2.7425283285839352,2.494410964111548,0.24811736447238736,94.33049569553553,2.6891118706030155,-1.4046056622379146,6.521609881079418,0
0.05,AC k=1,6.8166998533992755,5.576113031037339,1.2405868223619367,94.33049569553553,2.6891118706030155,-1.4046056622379146,6.521609881079418,9
0.1,AC k=1,10.364910322515938,7.883736677792063,2.4811736447238735,94.33049569553553,2.6891118706030155,-1.4046056622379146,6.521609881079418,19
0.01,AC k=2,2.896320605682286,2.6482032412098984,0.24811736447238736,85.79311948820255,2.411719934105993,-1.1882691726534247,5.771948013939678,1
0.05,AC k=2,7.157552065480169,5.916965243118232,1.2405868223619367,85.79311948820255,2.411719934105993,-1.1882691726534247,5.771948013939678,13
0.1,AC k=2,10.844305307660592,8.363131662936722,2.4811736447238735,85.79311948820255,2.411719934105993,-1.1882691726534247,5.771948013939678,25
0.01,AC k=4,3.580254308054968,3.3321369435825807,0.24811736447238736,70.88592471366402,1.7870166622237218,-0.9912098013446319,4.511489210192389,4
0.05,AC k=4,8.676066104995323,7.435479282633386,1.2405868223619367,70.88592471366402,1.7870166622237218,-0.9912098013446319,4.511489210192389,23
0.1,AC k=4,12.978546550121216,10.497372905397343,2.4811736447238735,70.88592471366402,1.7870166622237218,-0.9912098013446319,4.511489210192389,118
